date,year,month,dayofyear,price,promo,TV,SEA,Social,trend,season,y
2022-12-26,2022,12,360,0.5501959116970515,0.0,0.09757605150819075,0.05437131985347374,0.2019566195022106,0.0,2.0,5.654410202211341
2023-01-02,2023,1,2,0.6354280618018483,1.0,0.051394095263342834,0.18122032208410338,0.7087937285327234,0.00558659217877095,2.464282172608936,9.30929664017425
2023-01-09,2023,1,9,0.8625518431274399,0.0,0.02320577109094636,0.25810331456433555,0.13661419480603768,0.0111731843575419,2.882561890709975,4.866096253306559
2023-01-16,2023,1,16,0.712488145487441,0.0,0.23386317943917448,0.10163145066497517,0.10418575386965563,0.01675977653631285,3.2390636805406468,4.810137749686375
2023-01-23,2023,1,23,0.8121130360218952,1.0,0.2485828500930668,0.22096350865635453,0.291885022238018,0.0223463687150838,3.5200629688450324,7.296062145684038
2023-01-30,2023,1,30,0.7650442641354873,0.0,0.20779625827619985,0.39232305823517993,0.6020856021642144,0.02793296089385475,3.7145790293941587,8.24228269975287
2023-02-06,2023,2,37,0.5985720516666242,0.0,0.04212857201195343,0.0652893527678026,0.10563970423507264,0.0335195530726257,3.8149329301148542,2.1457992575162024
2023-02-13,2023,2,44,0.7602223155653398,1.0,0.09077103716067485,0.048293313583981326,0.015852116810802234,0.03910614525139665,3.8171393743129425,4.200886662674389
2023-02-20,2023,2,51,0.6424502610707055,1.0,0.06709061225102436,0.03750671259251205,0.0006053937370348226,0.0446927374301676,3.721110562803963,2.7837767569148006
2023-02-27,2023,2,58,0.6416555098275467,1.0,0.07081843126321927,0.19293941123032732,0.10301364177718347,0.05027932960893855,3.530660688857914,7.046003090237207
2023-03-06,2023,3,65,0.6992085437966387,0.0,0.03496381676969205,0.27381060476030755,0.0688846592502493,0.0558659217877095,3.253310814802061,5.567875920856143
2023-03-13,2023,3,72,0.4765586431915814,0.0,0.0410393540473168,0.1932395546866848,0.6033526816760424,0.06145251396648045,2.899905030440234,8.67149785301213
2023-03-20,2023,3,79,0.8494159940045211,0.0,0.3676220763487556,0.02904661271559477,0.05818606789867256,0.0670391061452514,2.4840593208427784,4.486495342710642
2023-03-27,2023,3,86,0.5938221948023588,0.0,0.003877765614464247,0.3463416109791588,0.02308830099377229,0.07262569832402235,2.021473872180127,6.03032398486115
2023-04-03,2023,4,93,0.823092392502024,0.0,0.22606846065952582,0.13123653130314197,0.17443572066560642,0.0782122905027933,1.5291470873860127,3.684575641213173
2023-04-10,2023,4,100,0.7045795024868875,0.0,0.08944727308733656,0.09517205318560829,0.327095014330424,0.08379888268156425,1.024534938061741,2.6546301319411154
2023-04-17,2023,4,107,0.8960375542135517,1.0,0.33783784642361225,0.040844408916134056,0.42546429357271287,0.0893854748603352,0.5247021407124638,2.485319464884144
2023-04-24,2023,4,114,0.5953476267298663,0.0,0.08158399052715935,0.09650880003506021,0.6748200637490345,0.09497206703910614,0.04551185321232687,3.5584146894036683
2023-05-01,2023,5,121,0.6431087869963469,0.0,0.06463521934447951,0.23503880463779445,0.3874799852835543,0.1005586592178771,-0.39910186684220916,2.552609354207299
2023-05-08,2023,5,128,0.7322133147234731,0.0,0.3546095646487126,0.6332149840669095,0.027206339523194404,0.10614525139664804,-0.7977395715083955,0.5928864610944076
2023-05-15,2023,5,135,0.38306768149157916,0.0,0.032492073695202246,0.22190780056819204,0.13980228948986326,0.111731843575419,-1.141987827776219,1.595497974768942
2023-05-22,2023,5,142,0.7994504024985382,0.0,0.004311454853973386,0.30716332851064687,0.10635676758738262,0.11731843575418995,-1.4266934550097985,-0.5571668120753279
2023-05-29,2023,5,149,0.897354074600111,0.0,0.08919636551549306,0.31850821991577694,0.31824319142189716,0.1229050279329609,-1.6500478268315883,-0.3398098112836452
2023-06-05,2023,6,156,0.8404502713400447,1.0,0.07002719980143333,0.02508268023856846,0.07021917632200708,0.12849162011173185,-1.8134794583785738,5.057465272630978
2023-06-12,2023,6,163,0.7894157384525944,1.0,0.4805886699848683,0.19524242229735767,0.40300528900872057,0.1340782122905028,-1.92136414649126,3.6957502604164434
2023-06-19,2023,6,170,0.6658548791364531,0.0,0.12667190685079713,0.03760240014708862,0.8115925958287715,0.13966480446927373,-1.9805723976664948,2.236747751169376
2023-06-26,2023,6,177,0.8617256279515235,0.0,0.02402316286783948,0.005497256801964794,0.14727023838882142,0.1452513966480447,-1.999883163254653,-1.7648163455580204
2023-07-03,2023,7,184,0.8332106522398766,0.0,0.04166774833553678,0.007519457967318337,0.39252430640792746,0.15083798882681565,-1.9893004690434657,-0.8058489772690987
2023-07-10,2023,7,191,0.7397376488256592,0.0,0.049575144673734924,0.08016021074820981,0.052173606016386494,0.1564245810055866,-1.9593149423917897,2.89015126350011
2023-07-17,2023,7,198,0.6865810893415415,0.0,0.3512586179335171,0.28572805455528255,0.25055686757211254,0.16201117318435754,-1.9201551945754476,-0.14162776643121155
2023-07-24,2023,7,205,0.6362538304808122,1.0,0.018954466346411958,0.18629515195190688,0.1355597957048603,0.1675977653631285,-1.8810743417209936,2.0390266510562567
2023-07-31,2023,7,212,0.5171213131237984,0.0,0.08851293552102843,0.100437560234345,0.2759771623146926,0.17318435754189945,-1.8497146295947289,2.839866879852531
2023-08-07,2023,8,219,0.8540886427705103,0.0,0.04518570214993079,0.2166116427999453,0.33379485137682247,0.1787709497206704,-1.831588303585531,3.4313081556026694
2023-08-14,2023,8,226,0.3879274413199805,1.0,0.02845742064874032,0.3125753057791279,0.14831365364270924,0.18435754189944134,-1.829705818485885,6.622255874634451
2023-08-21,2023,8,233,0.6351042314114193,0.0,0.19884414009667925,0.06128731263345487,0.09075910525997541,0.18994413407821228,-1.84437362476132,1.6681407163765916
2023-08-28,2023,8,240,0.7084285137948922,1.0,0.32592442680236594,0.16224898111250327,0.09682290198271969,0.19553072625698326,-1.8731736153101108,1.882558532136226
2023-09-04,2023,9,247,0.8038345092001269,0.0,0.022395294818164532,0.24052697031207354,0.024302844636538996,0.2011173184357542,-1.9111254605571841,1.7549526523511685
2023-09-11,2023,9,254,0.9275370046241297,0.0,0.014571243336110774,0.13840981197282404,0.031042904580237465,0.20670391061452514,-1.9510221320948256,1.6643096892149856
2023-09-18,2023,9,261,0.822139617535276,1.0,0.15866070878441182,0.4419432040517951,0.500337342750994,0.2122905027932961,-1.9839185521083278,3.3098642390958206
2023-09-25,2023,9,268,0.6458898131706068,1.0,0.013644848222101833,0.6697794574564109,0.5261717555980951,0.21787709497206706,-1.99974411097573,4.336247388535082
2023-10-02,2023,10,275,0.7857610861159187,0.0,0.18659570236358636,0.021127500324975554,0.039488709511850885,0.223463687150838,-1.988002304604257,2.693529969415594
2023-10-09,2023,10,282,0.5128183626544573,1.0,0.3920441856590561,0.18155934554506306,0.25017296653617577,0.22905027932960895,-1.938515393580088,7.785888867112876
2023-10-16,2023,10,289,0.8820326414398763,0.0,0.023807971205194657,0.02342843204701154,0.2732147067016597,0.2346368715083799,-1.8421690914878233,-2.4492312124737183
2023-10-23,2023,10,296,0.6644148844328082,0.0,0.12000578619545167,0.09040905672908188,0.007733077010980794,0.24022346368715083,-1.6916120211751882,1.3864290109957687
2023-10-30,2023,10,303,0.593456007176964,0.0,0.06064429603265548,0.10380473390549233,0.04368562398494152,0.2458100558659218,-1.4818670546652983,-1.4281094403518781
2023-11-06,2023,11,310,0.5982158807289871,0.0,0.08076690887808784,0.04385318896548601,0.27911688736970747,0.25139664804469275,-1.2108165410419711,2.2264093377390943
2023-11-13,2023,11,317,0.6774622331513023,1.0,0.2353598048932507,0.30734286409805106,0.000332292646471357,0.2569832402234637,-0.8795305476372788,3.935217016672882
2023-11-20,2023,11,324,0.6319989013207551,1.0,0.014652084022979866,0.2371174586949553,0.6839777373951341,0.26256983240223464,-0.49241618449484315,9.69104389652085
2023-11-27,2023,11,331,1.0,0.0,0.4690139207967058,0.12909583069419842,0.06666711668286109,0.2681564245810056,-0.05717633576411907,3.767267719551371
2023-12-04,2023,12,338,0.587362379379833,0.0,0.25583662253665923,0.029775883060085242,0.34082007464606057,0.2737430167597765,0.41542290638934176,1.8072911650702315
2023-12-11,2023,12,345,0.6903525255494902,0.0,0.005919500979016753,0.014174150565672925,0.09479366193825245,0.27932960893854747,0.9119657524819449,7.043790500549574
2023-12-18,2023,12,352,0.6897272986805341,1.0,0.08288894263453572,0.19662857060048275,0.21715649994081276,0.28491620111731847,1.4169603139545273,3.7651237626813723
2023-12-25,2023,12,359,0.6897577828916842,0.0,0.02859349052390407,0.4488259986916401,0.11961420400205265,0.2905027932960894,1.9135420879901466,7.316838887239146
2024-01-01,2024,1,1,0.6934716475907872,0.0,0.23363520468419666,0.3093123146804358,0.26404366323713896,0.29608938547486036,2.384269485155278,10.126124841262985
2024-01-08,2024,1,8,0.6198207075897461,1.0,0.052858533338223504,0.1756043218329933,0.211489349373119,0.3016759776536313,2.811968057711971,9.58374970681805
2024-01-15,2024,1,15,0.6058500765380296,1.0,0.047631701433818216,0.0069327515669256575,0.15771608836968615,0.30726256983240224,3.180577052490573,10.162563487422316
2024-01-22,2024,1,22,0.5676118810566367,1.0,0.0597450456428237,0.13136006619390236,0.016471667166614364,0.3128491620111732,3.475951521050699,10.1641292511372
2024-01-29,2024,1,29,0.4817378283310727,1.0,0.33312560552405096,0.5076013140018648,0.021547802424453828,0.31843575418994413,3.686575497791072,10.024577734011011
2024-02-05,2024,2,36,0.7155516146026974,0.0,0.4549577532178273,0.0577334703187071,0.10811150601366395,0.3240223463687151,3.804146576374224,8.023581007057954
2024-02-12,2024,2,43,0.8209122463714893,0.0,0.11336814826188452,0.27052963445678935,0.05471399057592485,0.329608938547486,3.823999302651422,4.435260361045781
2024-02-19,2024,2,50,0.6113814698944517,0.0,0.010926251819870371,0.04636275840918375,0.21386860167887756,0.335195530726257,3.745343753944504,8.694275429890892
2024-02-26,2024,2,57,0.6092510048896161,0.0,0.09236404721064562,0.08794297434757944,0.015612022920684537,0.34078212290502796,3.571305978461586,5.814595121248451
2024-03-04,2024,3,64,0.6424657100740515,0.0,0.3294121015886244,0.005061453924255369,0.37509395922698757,0.3463687150837989,3.3087680353066693,8.664981124862567
2024-03-11,2024,3,71,0.6226908551090241,0.0,0.5421573055105259,0.18104590070338678,0.01027763838156282,0.35195530726256985,2.9680165715679463,6.0518506251291635
2024-03-18,2024,3,78,0.4888579250951989,0.0,0.10191011978768556,0.5330881786679197,0.08969995697023841,0.3575418994413408,2.5622195574656597,7.245552822289935
2024-03-25,2024,3,85,0.8731394596145411,0.0,0.028549678637931467,0.04010154355869969,0.5328592727137971,0.36312849162011174,2.1067603621000917,5.495705606215351
2024-04-01,2024,4,92,0.7460997360551839,0.0,0.07437952239399778,0.08647176944370227,0.2383818202669189,0.3687150837988827,1.6184662442354825,3.69984701315345
2024-04-08,2024,4,99,0.5882521188593932,1.0,0.18503301057733626,0.6464014499663967,0.4142803022925061,0.3743016759776536,1.1147741042173496,9.402520922688849
2024-04-15,2024,4,106,0.7266443344051455,0.0,0.11144208577047503,0.006936230267125197,0.9521285213797409,0.37988826815642457,0.6128796660779614,4.600696743136143
2024-04-22,2024,4,113,0.6257337553346083,1.0,0.11330553341522726,0.1326029299225916,0.6450446920669232,0.38547486033519557,0.12891694565371292,4.456620856515762
2024-04-29,2024,4,120,0.656847972228962,0.0,0.06780297922003584,0.17669975634772894,0.14249707568658704,0.3910614525139665,-0.32278712461672465,2.810427867102256
2024-05-06,2024,5,127,0.7358065971109924,0.0,0.005283435798641693,0.15828387241496586,0.09307275449448431,0.39664804469273746,-0.7303425826049283,2.770268762981247
2024-05-13,2024,5,134,0.8166032961994899,1.0,0.04900692128048225,0.2546349861945977,0.11320212619271873,0.4022346368715084,-1.084777331563921,5.635364840851988
2024-05-20,2024,5,141,0.8943216276139198,0.0,0.10662219861349892,0.05308441171174365,0.47979056757700767,0.40782122905027934,-1.3803442603894496,2.755874681172461
2024-05-27,2024,5,148,0.9196148508554062,1.0,0.08809243760702531,0.07223901517853648,0.07975128425295658,0.4134078212290503,-1.6146399141041343,2.7601450651170314
2024-06-03,2024,6,155,0.6517421102464043,0.0,0.5153798077034579,0.04422114049513424,0.3112412497966222,0.41899441340782123,-1.7885309504486762,2.7134019731701735
2024-06-10,2024,6,162,0.6173260632011334,1.0,0.07325137011524578,0.19128183973369237,0.4017591572042859,0.4245810055865922,-1.9058957018955298,8.932067067354433
2024-06-17,2024,6,169,0.6995419063853571,0.0,0.1601325341448936,0.04594209933841833,0.10959344309904132,0.4301675977653631,-1.973198778827824,1.2899982222127637
2024-06-24,2024,6,176,0.7034851252418374,0.0,0.08332314603066841,0.04258746903583145,0.18914649057658914,0.4357541899441341,-1.998926187066938,-3.848934478218718
2024-07-01,2024,7,183,0.585161975715015,0.0,0.06233952940528519,0.20880024065156316,0.2992075653843315,0.44134078212290506,-1.992916342316142,0.1519854035012238
2024-07-08,2024,7,190,0.6007652691757248,0.0,0.43204573795834905,0.0877844475187156,0.4456109290582952,0.446927374301676,-1.9656281909312625,1.131040308350501
2024-07-15,2024,7,197,0.7974410880839912,0.0,0.04366391700254261,0.16150062385596525,0.31590136585069384,0.45251396648044695,-1.9273910570376032,4.476743350597826
2024-07-22,2024,7,204,0.9110950699997926,0.0,0.6194075455774745,0.08085905593981056,0.07537584462994423,0.4581005586592179,-1.8876816367025797,4.0921349554565385
2024-07-29,2024,7,211,0.6548090698128948,1.0,0.07384563781110483,0.5230161461535054,0.0666136519713168,0.46368715083798884,-1.8544717081088757,4.057822384305634
2024-08-05,2024,8,218,0.5969943141215128,1.0,0.00012195158550013679,0.18192226001904233,0.3180567125451653,0.4692737430167598,-1.8336857334641954,5.478858750951093
2024-08-12,2024,8,225,0.6470078269092061,0.0,0.03758762890603764,0.07280381751180955,0.04872325796778314,0.4748603351955307,-1.8288008518218846,2.1908505226878487
2024-08-19,2024,8,232,0.5493714831834445,1.0,0.35071048119968934,0.2251584990805404,0.038793376394853606,0.48044692737430167,-1.840613192280696,2.256864326615657
2024-08-26,2024,8,239,0.6484480966670992,0.0,0.21631721527867842,0.37540491934778936,0.035380599617797256,0.48603351955307267,-1.867184473914799,3.0925406197041196
2024-09-02,2024,9,246,0.74382868658964,0.0,0.22247104972882495,0.08001892028159081,0.36031851603684517,0.4916201117318436,-1.9039720825957178,3.247194924831708
2024-09-09,2024,9,253,0.6747212344128553,1.0,0.27111861012284605,0.35691951841201824,0.2412120384531783,0.49720670391061456,-1.9441348529765978,2.787962359548157
2024-09-16,2024,9,260,0.855233828966333,0.0,0.11467704870996849,0.09391338525054459,0.25099883741462176,0.5027932960893855,-1.9789962744281777,2.651975302806672
2024-09-23,2024,9,267,0.7065777313364335,1.0,0.048178954793166896,0.26182692273698516,0.1546087148943337,0.5083798882681564,-1.9986373945881344,6.8544447332949945
2024-09-30,2024,9,274,0.75187753579224,0.0,0.05967662524289984,0.32301933243857467,0.22896344940927568,0.5139664804469274,-1.9925838637860886,-0.6447001709835498
2024-10-07,2024,10,281,0.6654735795985496,0.0,0.2603379948714946,0.017290834240435145,0.48863113435144523,0.5195530726256984,-1.9505458048989321,3.0647107387614496
2024-10-14,2024,10,288,0.8663571638339496,1.0,0.03338026330838378,0.29990426579284807,0.2506737727738451,0.5251396648044693,-1.8631658432784328,6.1420136164824
2024-10-21,2024,10,295,0.5182031637009483,0.0,0.15776159896931113,0.2318405337397545,0.6321843332692909,0.5307262569832403,-1.7227298879921853,5.773766005570627
2024-10-28,2024,10,302,0.6442341117574176,1.0,0.005836760339929296,0.2625406870329742,0.09847713768476898,0.5363128491620112,-1.5237971655847,3.1249825880188102
2024-11-04,2024,11,309,0.5248777216691581,0.0,0.06523234023830948,0.33230476000394465,0.34045893992969506,0.5418994413407822,-1.2637104641294945,3.4422402928140636
2024-11-11,2024,11,316,0.7992243455843981,0.0,0.3582656175549034,0.04880057933523289,0.05697719269606192,0.547486033519553,-0.9429542942254183,3.379113619702665
2024-11-18,2024,11,323,0.8025232591217588,0.0,0.45156714784170504,0.1262413479263513,0.5724642192009824,0.553072625698324,-0.565337327635121,6.1526691956655
2024-11-25,2024,11,330,0.6151286421087564,0.0,0.17200909760306568,0.2102166925758109,0.10858065270102754,0.5586592178770949,-0.13798553575004946,8.600042024903264
2024-12-02,2024,12,337,0.9133327251533706,0.0,0.23215942924428049,0.003448468512457583,0.5480901901282047,0.5642458100558659,0.3288566605875267,4.9871701915521065
2024-12-09,2024,12,344,0.6451022630386699,0.0,0.15225783759404177,0.020378630603643078,0.07382471008760916,0.5698324022346369,0.8222088291742491,7.694461929581179
2024-12-16,2024,12,351,0.49611351939730086,0.0,0.029363847314703602,0.24121104328774678,0.4654559544410321,0.5754189944134078,1.3269015028507596,6.290759520613467
2024-12-23,2024,12,358,0.6473050461895087,1.0,0.1604412693860316,0.06153832421500325,0.002938120647414389,0.5810055865921788,1.826259051512266,7.612901682987932
2024-12-30,2024,12,365,0.7352656683935546,0.0,0.08779351798043697,0.22801916568960892,0.047931092079047936,0.5865921787709497,2.3028818247667884,9.09680451948324
2025-01-06,2025,1,6,0.6537265918941101,0.0,0.18761402730168597,0.5836513824171207,0.17677475837581932,0.5921787709497207,2.7394850316464194,11.73544505349402
2025-01-13,2025,1,13,0.9966543691727833,1.0,0.790734113865183,0.36614037213034367,0.28454945201352994,0.5977653631284916,3.119748332391933,13.914965736859536
2025-01-20,2025,1,20,0.8032179674506019,0.0,0.11519479155413942,0.027439648560419066,0.14006233469995022,0.6033519553072626,3.4291292478595468,6.604262693169374
2025-01-27,2025,1,27,0.9233693539935243,0.0,0.27287023290285806,0.21294612761687068,0.5145914443245859,0.6089385474860335,3.655595298364927,6.402905230558192
2025-02-03,2025,2,34,0.8759896197954192,1.0,0.13388409766948903,0.12367202896259263,0.31632285091623397,0.6145251396648045,3.790234165610998,13.717279769902378
2025-02-10,2025,2,41,0.4546304886594817,0.0,0.4489343662462517,0.005899086564235747,0.0819180089351477,0.6201117318435755,3.827707880296888,4.55696679094842
2025-02-17,2025,2,48,0.6340601498153718,0.0,0.02250181928600577,0.8438980601181053,0.7603737706113222,0.6256983240223464,3.7665256916301812,10.045399440519164
2025-02-24,2025,2,55,0.31159703337130024,1.0,0.14536930403905057,0.3091868622832244,0.20796325363117457,0.6312849162011174,3.6091203788266384,10.884569982340064
2025-03-03,2025,3,62,0.597209471112438,0.0,0.21545205580718155,0.14681725513885469,0.01587854504984472,0.6368715083798883,3.3617237408170846,11.499853123715983
2025-03-10,2025,3,69,0.8388449651612454,0.0,0.07611223934558654,0.40127501022871886,0.17178352026096014,0.6424581005586593,3.0340482205848436,8.59663848903008
2025-03-17,2025,3,76,0.5702112830065659,0.0,0.024892008292957138,0.14997317378890976,0.1203669798466135,0.6480446927374302,2.6387924425655434,9.14311554860929
2025-03-24,2025,3,83,0.5985412156759435,0.0,0.06044321001440955,0.029309796742218015,0.002066812109962761,0.6536312849162011,2.1909982460265076,7.4637904293287
2025-03-31,2025,3,90,0.7306172786796055,0.0,0.31963947956875083,0.12279792664430277,0.07363789807815267,0.659217877094972,1.7072950235850761,5.950527719899541
2025-04-07,2025,4,97,0.7938803830247918,0.0,0.20827091003550244,0.10386060600036721,0.256155966539,0.664804469273743,1.2050733522004393,7.139096579800442
2025-04-14,2025,4,104,0.6370019176407747,0.0,0.17608438338786941,0.04279752166887421,0.23496963244267619,0.670391061452514,0.701633682201883,3.7763346074222244
2025-04-21,2025,4,111,0.6507882619740035,0.0,0.12020916344271283,0.02815895672756382,0.10853678782194234,0.6759776536312849,0.21335701450381117,2.8986651539497816
2025-04-28,2025,4,118,0.796852326638483,0.0,0.05532370350510951,0.08541298624485041,0.05282912595281379,0.6815642458100559,-0.245057016132891,3.432512360169886
2025-05-05,2025,5,125,0.7207302590616551,1.0,0.575080030499115,0.04520060485115853,0.14831837002742418,0.6871508379888268,-0.6612433322909733,5.689051695625576
2025-05-12,2025,5,132,0.6467450576152699,0.0,0.022896923341717335,0.19341966180111705,0.03863043763949918,0.6927374301675978,-1.0256810048903893,2.62133997625947
2025-05-19,2025,5,139,0.7290218302645315,1.0,0.4326386654426105,0.06289514107696094,0.5481354298772293,0.6983240223463687,-1.3320327862365553,6.084737642692842
2025-05-26,2025,5,146,0.6963215656758932,0.0,0.1180075138636492,0.049152414857445675,0.3468568555172551,0.7039106145251397,-1.5772980286281044,7.8950948808149946
2025-06-02,2025,6,153,0.7208090307665115,1.0,0.19482645783961927,0.24648033296542363,0.26641288272183944,0.7094972067039106,-1.7617732448905477,5.017992485033372
2025-06-09,2025,6,160,0.9604002288645199,0.0,0.11042396656947509,0.07124434954112888,0.029327437055582946,0.7150837988826816,-1.8888256669425534,4.3999255941797495
2025-06-16,2025,6,167,0.6440123554686785,0.0,0.04581556424764131,0.22968938887970408,0.12259267283338561,0.7206703910614526,-1.9644959044799135,2.8714939002559303
2025-06-23,2025,6,174,0.61183706990737,1.0,0.2829708979394404,0.3283367940573536,0.12525059277940387,0.7262569832402235,-1.9969555785031412,8.1655074944425
2025-06-30,2025,6,181,0.8797956134523146,0.0,0.020493995986719724,0.0646315209460798,0.1934432655490116,0.7318435754189945,-1.995854040960558,0.6523896966225848
2025-07-07,2025,7,188,0.5890744037933312,1.0,0.2766405454993401,0.03271244216836932,0.3345814096022121,0.7374301675977654,-1.9715945187542343,7.262648251077797
2025-07-14,2025,7,195,0.9218069254960671,1.0,0.01124733253644911,0.1328487170939269,0.12503280000563638,0.7430167597765364,-1.9345838808688327,5.517361956915933
2025-07-21,2025,7,202,0.6592402688812884,0.0,1.0,0.18714241653247443,0.034763239805297184,0.7486033519553073,-1.8945015016875244,4.309675088689548
2025-07-28,2025,7,209,0.696008531616134,0.0,0.279425305305591,0.2714494938394697,0.11973763089668109,0.7541899441340782,-1.8596313116950547,1.2309487500746457
2025-08-04,2025,8,216,0.7865156528103613,0.0,0.04631343618431232,0.24344761973145054,0.06356203597633538,0.7597765363128491,-1.836297172547988,2.688548897241836
2025-08-11,2025,8,223,0.8522889501127316,0.0,0.5572071790160156,0.35682948370982404,0.23581314509639734,0.7653631284916201,-1.8284354196043044,6.615595986195429
2025-08-18,2025,8,230,0.8226437219402195,0.0,0.327836582674545,0.03313017722618163,0.5372209766740697,0.7709497206703911,-1.8373301495169052,0.5751900089650439
2025-08-25,2025,8,237,0.6579456645429621,0.0,0.039397759341412084,0.056375235886324246,0.2916876312748581,0.776536312849162,-1.8615270755424569,2.7913390560496234
2025-09-01,2025,9,244,0.6356143214374064,1.0,0.11993563962084053,0.20413222000287112,0.15045593628494022,0.782122905027933,-1.8969310970954996,6.671020420508212
2025-09-08,2025,9,251,0.7335444037995094,0.0,0.2509988153756369,0.15063646146369797,0.2000574296775389,0.7877094972067039,-1.9370817543702261,7.50123715794559
2025-09-15,2025,9,258,0.7043597396045834,0.0,0.006995499954115996,0.43233649686399084,0.421532322534443,0.7932960893854749,-1.9735901024700007,6.75185639410293
2025-09-22,2025,9,265,0.5977751336112064,1.0,0.0427142050221552,0.14660823814052348,0.6915749644070837,0.7988826815642458,-1.9967108617110085,9.140788652147513
2025-09-29,2025,9,272,0.7422215245379926,1.0,0.07293187590769795,0.2712299475991865,0.6267986078993681,0.8044692737430168,-1.9960155454343398,5.261416612968453
2025-10-06,2025,10,279,0.8222487881855878,0.0,0.10181805735500399,0.17535034071655256,0.16464593518489015,0.8100558659217877,-1.961126109531608,3.985656585297369
2025-10-13,2025,10,286,0.7087202369183008,0.0,0.03532736514529004,0.019307136490394755,1.0,0.8156424581005587,-1.8824648691185728,2.682476091599672
2025-10-20,2025,10,293,0.9004226066563399,0.0,0.2508697956213031,0.0526052741083648,0.03210961166288017,0.8212290502793297,-1.7519752110714473,2.531654150389523
2025-10-27,2025,10,300,0.7421630950691561,0.0,0.28720298183255877,0.41507707533569965,0.032418677818738355,0.8268156424581006,-1.5637690707250114,4.590545750964985
2025-11-03,2025,11,307,0.664505739330595,1.0,0.005805863954224039,0.10558123299048046,0.02032081976470882,0.8324022346368716,-1.3146611573899725,4.927721490874269
2025-11-10,2025,11,314,0.6996265971447577,0.0,0.05268007934880726,0.07677175549313062,0.5852494714558785,0.8379888268156425,-1.0045562777049453,7.568734402780473
2025-11-17,2025,11,321,0.609045950487672,0.0,0.07809349850295524,0.3211558309985923,0.02758845355718467,0.8435754189944135,-0.6366644533376238,5.588425108087389
2025-11-24,2025,11,328,0.5444102959509093,0.0,0.07538979964980305,0.11567454477766442,0.13818854492150048,0.8491620111731844,-0.21752838027293508,5.1754712321735035
2025-12-01,2025,12,335,0.751247759013872,1.0,0.07815808778668416,0.059978620756002465,0.025779470401485347,0.8547486033519553,0.24314143643143238,5.91845491517939
2025-12-08,2025,12,342,0.5688341436874174,1.0,0.14264077489057667,0.24390416595097744,0.013446060423179994,0.8603351955307262,0.7328174379407657,11.348145604319008
2025-12-15,2025,12,349,0.6367305030126041,1.0,0.12389148164333787,0.2173599853277335,0.27060223917688386,0.8659217877094972,1.2366744486836503,10.784521076995036
2025-12-22,2025,12,356,0.6736434306851853,0.0,0.11204564491419586,0.3480153529180981,0.07275626247380104,0.8715083798882682,1.7382507622921264,7.476522523721092
2025-12-29,2025,12,363,0.738706542755874,1.0,0.1813697071273831,0.528827418507927,0.5741852712252433,0.8770949720670391,2.2202155367098704,8.869940568914249
2026-01-05,2026,1,5,0.7491398420665931,1.0,0.21280881092827986,0.04586473050355813,0.39043275398511423,0.8826815642458101,2.665200850872325,12.40623255591347
2026-01-12,2026,1,12,0.6933176924482604,0.0,0.04700650597933102,0.15866478228867897,0.212747484705485,0.888268156424581,3.056652833108039,8.802379279424155
2026-01-19,2026,1,19,0.4209506520834801,0.0,0.07883243347739131,0.047246484395224775,0.8454090318540275,0.893854748603352,3.3796549253534804,12.126685921956472
2026-01-26,2026,1,26,0.6575399883266998,0.0,0.03571661975916229,0.43196000947002405,0.29629227324556395,0.8994413407821229,3.6216776786642244,10.309669047917998
2026-02-02,2026,2,33,0.5794942078329893,0.0,0.14515559470018186,0.024518518937023344,0.15494863113266663,0.9050279329608939,3.7732134115037246,12.789176779529182
2026-02-09,2026,2,40,0.6706053275369783,0.0,0.16525722607125448,0.08236667844260676,0.009038756383340356,0.9106145251396648,3.8282603801205983,9.531079126757618
2026-02-16,2026,2,47,0.8218655931240606,0.0,0.14794963688813945,0.17224904398211302,0.3661916503152304,0.9162011173184358,3.784629450063319,12.892754244412506
2026-02-23,2026,2,54,0.7962820299876505,0.0,0.0375046780909673,0.3387584703514378,0.018401377991142404,0.9217877094972068,3.6440561431688616,11.386396699991181
2026-03-02,2026,3,61,0.7161035329357349,0.0,0.12810370793265405,0.5202472961144585,0.32519589596273496,0.9273743016759777,3.4121117998238484,7.795563616517803
2026-03-09,2026,3,68,0.7552575871586445,0.0,0.029924004639371758,0.07491891372364147,0.44156540560195123,0.9329608938547487,3.0979188201032324,8.929778756139713
2026-03-16,2026,3,75,0.4817057857564993,1.0,0.11072013580802108,0.11097394941027222,0.384671478378045,0.9385474860335196,2.713685887070669,14.576312392938616
2026-03-23,2026,3,82,0.7126106499581571,0.0,0.04255447720243917,0.33449539555106783,0.5094576724563816,0.9441340782122906,2.2740891049722993,9.6023428448118
2026-03-30,2026,3,89,0.7715473606118948,0.0,0.06930225481507898,0.2217008240721592,0.4202441016909079,0.9497206703910615,1.795533530592946,7.2796431076822525
2026-04-06,2026,4,96,0.5890158787894177,1.0,0.057968327684506035,0.48167939992835646,0.0855142278493508,0.9553072625698324,1.2953361494589148,10.640926992676361
2026-04-13,2026,4,103,0.741434069964085,0.0,0.07143416375724954,0.011514111947946725,0.34785852750686663,0.9608938547486033,0.7908755752254923,9.42859414018973
2026-04-20,2026,4,110,0.6336393428827682,0.0,0.2202439995349002,0.06525972430780683,0.09670829361789539,0.9664804469273743,0.298755390967298,7.252069388454476
2026-04-27,2026,4,117,0.8231249486925637,1.0,0.11551803893693663,0.17432711357314934,0.22344383992156247,0.9720670391061453,-0.1659729854283638,7.534928390074448
2026-05-04,2026,5,124,0.8379278797966614,1.0,0.1368692374815253,0.10904384633154515,0.06213442506104685,0.9776536312849162,-0.5904856795425448,3.908621707444849
2026-05-11,2026,5,131,0.6125201735842885,0.0,0.2517119121847807,0.2389564310491726,0.7402642160330816,0.9832402234636872,-0.9647237998147543,9.483160170624219
2026-05-18,2026,5,138,0.886557260083253,0.0,0.21510328542050441,0.22282735521063932,0.1326258673972198,0.9888268156424581,-1.2817648530656225,3.0406755832029795
2026-05-25,2026,5,145,0.659805091969125,0.0,0.183029827890263,1.0,0.9429833609101478,0.9944134078212291,-1.5380097273332045,9.407657894534742
2026-06-01,2026,6,152,0.968728641259633,0.0,0.16023488590384347,0.050548918322578885,0.2771590662576711,1.0,-1.7331775280606736,1.6467545353923283
